[{"templateId":"routerequesttoendpoint","title":"Get Async Create Session Result Policy","parameters":{"x-ms-apimTemplateParameter.newPath":"@headers('x-location')","x-ms-apimTemplateParameter.httpMethod":"@Request.OriginalHTTPMethod","x-ms-apimTemplate-operationName":["GetAsyncCreateSessionResult"]}},{"templateId":"routerequesttoendpoint","title":"Get Async Create Session Value Policy","parameters":{"x-ms-apimTemplateParameter.newPath":"@headers('x-location')","x-ms-apimTemplateParameter.httpMethod":"@Request.OriginalHTTPMethod","x-ms-apimTemplate-operationName":["GetAsyncCreateSessionValue"]}},{"templateId":"routerequesttoendpoint","title":"Get Rows Address Policy","parameters":{"x-ms-apimTemplateParameter.newPath":"https://graph.microsoft.com/v1.0/sites/@headers('siteId')/drives/@headers('driveId')/items/@headers('itemId')/workbook/worksheets/@headers('sheetName')/range(address='@headers('address')')?$select=text","x-ms-apimTemplateParameter.httpMethod":"@Request.OriginalHTTPMethod","x-ms-apimTemplate-operationName":["GetRows"]}}]