<ImportExportXml xmlns:xsi="http://www.w3.org/2001/XMLSchema-instance">
  <Entities></Entities>
  <Roles></Roles>
  <Workflows></Workflows>
  <FieldSecurityProfiles></FieldSecurityProfiles>
  <Templates />
  <EntityMaps />
  <EntityRelationships />
  <OrganizationSettings />
  <optionsets />
  <CustomControls />
  <EntityDataProviders />
  <Connectors>
    <Connector>
      <connectorid>7f8c1e87-283f-4b35-acf8-4791e879e615</connectorid>
      <description>Connector to extract data from Excel sheets and create xMultiple JSON for Dataverse</description>
      <displayname>ExcelHelper</displayname>
      <iconbrandcolor>#007ee5</iconbrandcolor>
      <name>msdemo_excelhelper</name>
      <connectortype>1</connectortype>
      <scriptoperations>["ConvertDataForXMultiple","CreateExcelSession","GetAddressRangeBatch","ValidateDataRegex","FindDuplicates","ChunkArray","UpdateArray"]</scriptoperations>
      <openapidefinition>/Connector/msdemo_excelhelper_openapidefinition.json</openapidefinition>
      <connectionparameters>/Connector/msdemo_excelhelper_connectionparameters.json</connectionparameters>
      <policytemplateinstances>/Connector/msdemo_excelhelper_policytemplateinstances.json</policytemplateinstances>
      <customcodeblobcontent>/Connector/msdemo_excelhelper_customcodeblobcontent.csx</customcodeblobcontent>
      <iconblob>/Connector/msdemo_excelhelper_iconblob.Jpeg</iconblob>
    </Connector>
  </Connectors>
  <Languages>
    <Language>1033</Language>
  </Languages>
</ImportExportXml>