<ImportExportXml xmlns:xsi="http://www.w3.org/2001/XMLSchema-instance">
  <Entities></Entities>
  <Roles></Roles>
  <Workflows></Workflows>
  <FieldSecurityProfiles></FieldSecurityProfiles>
  <Templates />
  <EntityMaps />
  <EntityRelationships />
  <OrganizationSettings />
  <optionsets />
  <CustomControls />
  <EntityDataProviders />
  <msdyn_dataflows>
    <msdyn_dataflow msdyn_dataflowid="6508bfce-9559-ee11-8def-6045bd09a89f">
      <iscustomizable>1</iscustomizable>
      <msdyn_internalversion>ff6ea355-5d9a-4a27-af33-35bd6b92ff51</msdyn_internalversion>
      <msdyn_mashupdocument>section Section1;
shared Sheet1 = let
  Source = Excel.Workbook(Web.Contents("https://microsoft-my.sharepoint.com/personal/ravichada_microsoft_com/Documents/Demo%20Data/ProductCodeOwner%20(60K).xlsx"), null, true),
  Navigation = Source{[Item = "Sheet1", Kind = "Sheet"]}[Data],
  #"Promoted headers" = Table.PromoteHeaders(Navigation, [PromoteAllScalars = true]),
  #"Changed column type" = Table.TransformColumnTypes(#"Promoted headers", {{"Product Code", type text}, {"Policy Name", type text}, {"Owner Maker", type text}, {"Owner Checker", type text}, {"Escalation User 1", type text}, {"Escalation User 2", type text}, {"Escalation User 3", type text}, {"Escalation User 4", type text}, {"Escalation User 5", type text}, {"DisplayFields", type text}, {"Action", type text}}),
  #"Added index" = Table.AddIndexColumn(#"Changed column type", "Index", 1, 1, Int64.Type),
  #"Grouped rows" = Table.Group(#"Added index", {"Product Code", "Policy Name"}, {{"Count", each _, type nullable table[#"Product Code" = nullable text, #"Policy Name" = nullable text, #"Owner Maker" = nullable text, #"Owner Checker" = nullable text, #"Escalation User 1" = nullable text, #"Escalation User 2" = nullable text, #"Escalation User 3" = nullable text, #"Escalation User 4" = nullable text, #"Escalation User 5" = nullable text, DisplayFields = nullable text, Action = nullable text, Index = Int64.Type]}}),
  #"Added custom" = Table.AddColumn(#"Grouped rows", "Custom", each Table.AddIndexColumn([Count], "Ranking", 1, 1)),
  #"Removed columns" = Table.RemoveColumns(#"Added custom", {"Count"}),
  #"Expanded Custom" = Table.ExpandTableColumn(#"Removed columns", "Custom", {"Owner Maker", "Owner Checker", "Escalation User 1", "Escalation User 2", "Escalation User 3", "Escalation User 4", "Escalation User 5", "DisplayFields", "Action", "Index", "Ranking"}, {"Owner Maker", "Owner Checker", "Escalation User 1", "Escalation User 2", "Escalation User 3", "Escalation User 4", "Escalation User 5", "DisplayFields", "Action", "Index", "Ranking"})







in
  #"Expanded Custom";
</msdyn_mashupdocument>
      <msdyn_mashupsettings>{"QueryGroups":null,"DocumentLocale":"en-US","QueriesMetadata":{"Sheet1":{"QueryId":"c508eb43-763f-4ede-9087-9d1ed29fb5ea","QueryName":"Sheet1","QueryGroupId":null,"EntityName":"cr355_Sheet1","LastKnownIsCalculatedEntity":false,"LastKnownIsLinkedEntity":false,"LastKnownIsParameter":false,"IsHidden":null,"LastKnownResultTypeName":"table","LoadEnabled":true,"DeleteExistingDataOnLoad":false,"FieldsMetadata":{"cr355_Action":{"SourceColumnName":"Action","DestinationFieldType":"Memo","AutoNumberSettings":null},"cr355_Custom":{"SourceColumnName":"Index","DestinationFieldType":"Memo","AutoNumberSettings":null},"cr355_Custom2":{"SourceColumnName":"Ranking","DestinationFieldType":"Memo","AutoNumberSettings":null},"cr355_DisplayFields":{"SourceColumnName":"DisplayFields","DestinationFieldType":"Memo","AutoNumberSettings":null},"cr355_EscalationUser1":{"SourceColumnName":"Escalation User 1","DestinationFieldType":"Memo","AutoNumberSettings":null},"cr355_EscalationUser2":{"SourceColumnName":"Escalation User 2","DestinationFieldType":"Memo","AutoNumberSettings":null},"cr355_EscalationUser3":{"SourceColumnName":"Escalation User 3","DestinationFieldType":"Memo","AutoNumberSettings":null},"cr355_EscalationUser4":{"SourceColumnName":"Escalation User 4","DestinationFieldType":"Memo","AutoNumberSettings":null},"cr355_EscalationUser5":{"SourceColumnName":"Escalation User 5","DestinationFieldType":"Memo","AutoNumberSettings":null},"cr355_OwnerChecker":{"SourceColumnName":"Owner Checker","DestinationFieldType":"Memo","AutoNumberSettings":null},"cr355_OwnerMaker":{"SourceColumnName":"Owner Maker","DestinationFieldType":"Memo","AutoNumberSettings":null},"cr355_PolicyName":{"SourceColumnName":"Policy Name","DestinationFieldType":"Memo","AutoNumberSettings":null},"cr355_ProductCode":{"SourceColumnName":"Product Code","DestinationFieldType":"Memo","AutoNumberSettings":null}},"HostProperties":{"newEntityPrimaryNameField":"cr355_Name","mappingEditorProperties":"{}","MappingEditorProperties":"{}"}}},"FastCombine":false,"AllowNativeQueries":false,"HostContext":{"Type":"CdsT","Details":{"EnvironmentId":"aec960ae-1529-eb5b-b078-f1e3089b9d07"}},"HostProperties":null,"SkipAutomaticTypeAndHeaderDetection":false,"DisableAutoAnonymousConnectionUpsert":false,"AllowedModules":null,"DataflowMetadata":"{\"DataflowType\":\"Cdst\",\"DataflowId\":\"964cd2c6-857e-420e-82ee-3fa3223b3a63\",\"OwnerUserId\":\"efd384a3-aa74-4519-ac9d-8d4539d256de\",\"OwnerName\":\"Ravi Chada\",\"OwnerTenantId\":\"72f988bf-86f1-41af-91ab-2d7cd011db47\",\"GatewayObjectId\":null,\"ModelSnapshotUri\":\"\",\"GroupId\":\"aec960ae-1529-eb5b-b078-f1e3089b9d07\",\"DataflowState\":\"Active\",\"LastUpdateTime\":\"2023-09-25T03:21:13.0165156+00:00\",\"LastStateChangedTime\":\"2023-09-25T03:21:13.0165156+00:00\",\"CreatedTime\":\"2023-09-22T22:17:24.5945424+00:00\",\"ExpiresAfter\":null,\"AllowedModules\":null,\"UseHostConnectionProvider\":null,\"SkipAutomaticTypeAndHeaderDetection\":null,\"EditingSessionId\":null,\"HostInformation\":null,\"HostContext\":{\"Type\":\"CdsT\",\"Details\":{\"EnvironmentId\":\"aec960ae-1529-eb5b-b078-f1e3089b9d07\"}},\"HostProperties\":{\"ServiceFeatureFlag_EnableNewCdstDataflowOrchestration\":\"true\"},\"DisableAutoAnonymousConnectionUpsert\":false,\"RelatedDataflowId\":\"7ee7d990-a837-409e-8d3d-fcd9980f0016\",\"NotificationSettings\":{\"RefreshEmailSettings\":{\"SendMailEnabled\":false,\"EmailsList\":[]},\"DataflowWebhooks\":{}},\"TrustedConnections\":null,\"ConnectionOverrides\":[{\"Path\":\"https://microsoft-my.sharepoint.com\",\"Kind\":\"Web\",\"Provider\":\"PowerApps\",\"EnvironmentName\":\"aec960ae-1529-eb5b-b078-f1e3089b9d07\",\"ApiName\":\"webcontents\",\"ConnectionName\":\"12fa84ccbddc49cbb8a636d698e61647\",\"ExtensionData\":{},\"CredentialDetails\":{},\"ConnectionParameters\":{},\"PrivacyGroup\":\"None\"}]}","Dataflow":"{\"name\":\"Load data HDFC\",\"ppdf:entityThumbprintVersion\":\"1.0\",\"ppdf:dataflowId\":\"964cd2c6-857e-420e-82ee-3fa3223b3a63\",\"ppdf:owner\":{\"tenantId\":\"72f988bf-86f1-41af-91ab-2d7cd011db47\",\"userId\":\"efd384a3-aa74-4519-ac9d-8d4539d256de\"},\"ppdf:fastCopy\":false,\"version\":\"1.0\",\"culture\":\"en-US\",\"modifiedTime\":\"2023-09-22T22:17:33.5378661+00:00\",\"ppdf:outputFileFormat\":\"Csv\",\"pbi:mashup\":{\"fastCombine\":false,\"allowNativeQueries\":false,\"queriesMetadata\":{\"Sheet1\":{\"queryId\":\"c508eb43-763f-4ede-9087-9d1ed29fb5ea\",\"queryName\":\"Sheet1\",\"entityName\":\"cr355_Sheet1\",\"loadEnabled\":true,\"lastKnownResultTypeName\":\"table\",\"lastKnownIsCalculatedEntity\":false,\"lastKnownIsLinkedEntity\":false,\"lastKnownIsParameter\":false,\"deleteExistingDataOnLoad\":false,\"hostProperties\":{\"newEntityPrimaryNameField\":\"cr355_Name\",\"mappingEditorProperties\":\"{}\",\"MappingEditorProperties\":\"{}\"},\"fieldsMetadata\":{\"cr355_Action\":{\"sourceColumnName\":\"Action\",\"destinationFieldType\":\"Memo\"},\"cr355_Custom\":{\"sourceColumnName\":\"Index\",\"destinationFieldType\":\"Memo\"},\"cr355_Custom2\":{\"sourceColumnName\":\"Ranking\",\"destinationFieldType\":\"Memo\"},\"cr355_DisplayFields\":{\"sourceColumnName\":\"DisplayFields\",\"destinationFieldType\":\"Memo\"},\"cr355_EscalationUser1\":{\"sourceColumnName\":\"Escalation User 1\",\"destinationFieldType\":\"Memo\"},\"cr355_EscalationUser2\":{\"sourceColumnName\":\"Escalation User 2\",\"destinationFieldType\":\"Memo\"},\"cr355_EscalationUser3\":{\"sourceColumnName\":\"Escalation User 3\",\"destinationFieldType\":\"Memo\"},\"cr355_EscalationUser4\":{\"sourceColumnName\":\"Escalation User 4\",\"destinationFieldType\":\"Memo\"},\"cr355_EscalationUser5\":{\"sourceColumnName\":\"Escalation User 5\",\"destinationFieldType\":\"Memo\"},\"cr355_OwnerChecker\":{\"sourceColumnName\":\"Owner Checker\",\"destinationFieldType\":\"Memo\"},\"cr355_OwnerMaker\":{\"sourceColumnName\":\"Owner Maker\",\"destinationFieldType\":\"Memo\"},\"cr355_PolicyName\":{\"sourceColumnName\":\"Policy Name\",\"destinationFieldType\":\"Memo\"},\"cr355_ProductCode\":{\"sourceColumnName\":\"Product Code\",\"destinationFieldType\":\"Memo\"}}}},\"document\":\"section Section1;\\r\\nshared Sheet1 = let\\r\\n  Source = Excel.Workbook(Web.Contents(\\\"https://microsoft-my.sharepoint.com/personal/ravichada_microsoft_com/Documents/Demo%20Data/ProductCodeOwner%20(60K).xlsx\\\"), null, true),\\r\\n  Navigation = Source{[Item = \\\"Sheet1\\\", Kind = \\\"Sheet\\\"]}[Data],\\r\\n  #\\\"Promoted headers\\\" = Table.PromoteHeaders(Navigation, [PromoteAllScalars = true]),\\r\\n  #\\\"Changed column type\\\" = Table.TransformColumnTypes(#\\\"Promoted headers\\\", {{\\\"Product Code\\\", type text}, {\\\"Policy Name\\\", type text}, {\\\"Owner Maker\\\", type text}, {\\\"Owner Checker\\\", type text}, {\\\"Escalation User 1\\\", type text}, {\\\"Escalation User 2\\\", type text}, {\\\"Escalation User 3\\\", type text}, {\\\"Escalation User 4\\\", type text}, {\\\"Escalation User 5\\\", type text}, {\\\"DisplayFields\\\", type text}, {\\\"Action\\\", type text}}),\\r\\n  #\\\"Added index\\\" = Table.AddIndexColumn(#\\\"Changed column type\\\", \\\"Index\\\", 1, 1, Int64.Type),\\r\\n  #\\\"Grouped rows\\\" = Table.Group(#\\\"Added index\\\", {\\\"Product Code\\\", \\\"Policy Name\\\"}, {{\\\"Count\\\", each _, type nullable table[#\\\"Product Code\\\" = nullable text, #\\\"Policy Name\\\" = nullable text, #\\\"Owner Maker\\\" = nullable text, #\\\"Owner Checker\\\" = nullable text, #\\\"Escalation User 1\\\" = nullable text, #\\\"Escalation User 2\\\" = nullable text, #\\\"Escalation User 3\\\" = nullable text, #\\\"Escalation User 4\\\" = nullable text, #\\\"Escalation User 5\\\" = nullable text, DisplayFields = nullable text, Action = nullable text, Index = Int64.Type]}}),\\r\\n  #\\\"Added custom\\\" = Table.AddColumn(#\\\"Grouped rows\\\", \\\"Custom\\\", each Table.AddIndexColumn([Count], \\\"Ranking\\\", 1, 1)),\\r\\n  #\\\"Removed columns\\\" = Table.RemoveColumns(#\\\"Added custom\\\", {\\\"Count\\\"}),\\r\\n  #\\\"Expanded Custom\\\" = Table.ExpandTableColumn(#\\\"Removed columns\\\", \\\"Custom\\\", {\\\"Owner Maker\\\", \\\"Owner Checker\\\", \\\"Escalation User 1\\\", \\\"Escalation User 2\\\", \\\"Escalation User 3\\\", \\\"Escalation User 4\\\", \\\"Escalation User 5\\\", \\\"DisplayFields\\\", \\\"Action\\\", \\\"Index\\\", \\\"Ranking\\\"}, {\\\"Owner Maker\\\", \\\"Owner Checker\\\", \\\"Escalation User 1\\\", \\\"Escalation User 2\\\", \\\"Escalation User 3\\\", \\\"Escalation User 4\\\", \\\"Escalation User 5\\\", \\\"DisplayFields\\\", \\\"Action\\\", \\\"Index\\\", \\\"Ranking\\\"})\\r\\n\\r\\n\\r\\n\\r\\n\\r\\n\\r\\n\\r\\n\\r\\nin\\r\\n  #\\\"Expanded Custom\\\";\\r\\n\"},\"entities\":[{\"$type\":\"LocalEntity\",\"name\":\"Sheet1\",\"description\":\"\",\"pbi:refreshPolicy\":{\"$type\":\"FullRefreshPolicy\",\"location\":\"Sheet1.csv\"},\"annotations\":[{\"name\":\"ppdf:entityKeys\",\"value\":\"[]\"}],\"attributes\":[{\"name\":\"Product Code\",\"dataType\":\"string\"},{\"name\":\"Policy Name\",\"dataType\":\"string\"},{\"name\":\"Owner Maker\",\"dataType\":\"string\"},{\"name\":\"Owner Checker\",\"dataType\":\"string\"},{\"name\":\"Escalation User 1\",\"dataType\":\"string\"},{\"name\":\"Escalation User 2\",\"dataType\":\"string\"},{\"name\":\"Escalation User 3\",\"dataType\":\"string\"},{\"name\":\"Escalation User 4\",\"dataType\":\"string\"},{\"name\":\"Escalation User 5\",\"dataType\":\"string\"},{\"name\":\"DisplayFields\",\"dataType\":\"string\"},{\"name\":\"Action\",\"dataType\":\"string\"},{\"name\":\"Index\",\"dataType\":\"string\"},{\"name\":\"Ranking\",\"dataType\":\"string\"}]}]}"}</msdyn_mashupsettings>
      <msdyn_name>Load data HDFC</msdyn_name>
      <msdyn_originaldataflowid>964cd2c6-857e-420e-82ee-3fa3223b3a63</msdyn_originaldataflowid>
      <msdyn_refreshhistory>[{"DataflowId":"964cd2c6-857e-420e-82ee-3fa3223b3a63","TransactionId":"e0fed798-34d8-4239-a654-2bbcecf9fc11","DataflowName":"Load data HDFC","RequestId":"c56e8739-f03a-4c52-921a-a70e8d4a328b","SessionId":null,"StartTime":"2023-09-22T22:18:26.6259346+00:00","EndTime":"2023-09-22T22:18:57.7203116+00:00","RefreshType":"RefreshTypeOneTime","RefreshStatus":"Failed","ErrorInfo":{"ErrorCode":"EntityUserFailure","ErrorMessage":null},"EntitiesRefreshHistory":[{"DataflowId":"964cd2c6-857e-420e-82ee-3fa3223b3a63","DataflowName":"Load data HDFC","EntityName":"Sheet1","StartTime":"2023-09-22T22:18:48.8268448+00:00","EndTime":"2023-09-22T22:18:56.1855969+00:00","RefreshStatus":"Failed","ErrorInfo":{"EvaluationResult":null,"ErrorMessage":"Couldn't refresh the entity because of an issue with the mashup document MashupException.Error: Expression.Error: We cannot convert a value of type Table to type Text. Details: Value = #table({\"Custom\", \"Index\"}, {})","ErrorCode":"Mashup Exception Expression Error","LoadToCdsErrorInfo":null},"Warnings":[],"ErrorCount":null,"UpsertCount":null,"PartitionsRefreshHistory":[{"Name":"Sheet1.csv","StartTime":"2023-09-22T22:18:48.8737874+00:00","EndTime":"2023-09-22T22:18:56.153981+00:00","LastUpdateTime":"2023-09-22T22:18:56.153981+00:00","RefreshStatus":"Failed","ComputeEngines":[],"DataSourceStatistics":[],"ErrorInfo":{"ErrorMessage":"An exception occurred during mashup execution.","ErrorCode":"Microsoft.PowerPlatform.Dataflows.Host.Contracts.MashupExecutionException"},"Warnings":[]}],"InsertCount":null}],"ActionsRefreshHistory":[],"ModelSnapshotPath":null},{"DataflowId":"964cd2c6-857e-420e-82ee-3fa3223b3a63","TransactionId":"18871e9f-5f89-4b33-b99f-c31a89134ad3","DataflowName":"Load data HDFC","RequestId":"8b6d6f49-2392-47fb-b080-ee520cbe3fc6","SessionId":null,"StartTime":"2023-09-22T22:26:37.1474731+00:00","EndTime":"2023-09-22T22:26:56.88222+00:00","RefreshType":"RefreshTypeOneTime","RefreshStatus":"Failed","ErrorInfo":{"ErrorCode":"EntityUserFailure","ErrorMessage":null},"EntitiesRefreshHistory":[{"DataflowId":"964cd2c6-857e-420e-82ee-3fa3223b3a63","DataflowName":"Load data HDFC","EntityName":"Sheet1","StartTime":"2023-09-22T22:26:48.2166551+00:00","EndTime":"2023-09-22T22:26:55.4511698+00:00","RefreshStatus":"Failed","ErrorInfo":{"EvaluationResult":null,"ErrorMessage":"Couldn't refresh the entity because of an issue with the mashup document MashupException.Error: Expression.Error: We cannot convert a value of type Table to type Text. Details: Value = #table({\"Custom\", \"Index\"}, {})","ErrorCode":"Mashup Exception Expression Error","LoadToCdsErrorInfo":null},"Warnings":[],"ErrorCount":null,"UpsertCount":null,"PartitionsRefreshHistory":[{"Name":"Sheet1.csv","StartTime":"2023-09-22T22:26:48.2634795+00:00","EndTime":"2023-09-22T22:26:55.4042974+00:00","LastUpdateTime":"2023-09-22T22:26:55.4042974+00:00","RefreshStatus":"Failed","ComputeEngines":[],"DataSourceStatistics":[],"ErrorInfo":{"ErrorMessage":"An exception occurred during mashup execution.","ErrorCode":"Microsoft.PowerPlatform.Dataflows.Host.Contracts.MashupExecutionException"},"Warnings":[]}],"InsertCount":null}],"ActionsRefreshHistory":[],"ModelSnapshotPath":null},{"DataflowId":"964cd2c6-857e-420e-82ee-3fa3223b3a63","TransactionId":"15270dbf-c6fe-4a5b-adf9-747c6c434c78","DataflowName":"Load data HDFC","RequestId":"f9fdc264-6505-43b7-ac5d-2f72a6dabcf5","SessionId":null,"StartTime":"2023-09-22T22:44:25.1854744+00:00","EndTime":"2023-09-22T22:44:54.6704812+00:00","RefreshType":"RefreshTypeOneTime","RefreshStatus":"Failed","ErrorInfo":{"ErrorCode":"EntityUserFailure","ErrorMessage":null},"EntitiesRefreshHistory":[{"DataflowId":"964cd2c6-857e-420e-82ee-3fa3223b3a63","DataflowName":"Load data HDFC","EntityName":"Sheet1","StartTime":"2023-09-22T22:44:46.8657268+00:00","EndTime":"2023-09-22T22:44:53.1939184+00:00","RefreshStatus":"Failed","ErrorInfo":{"EvaluationResult":null,"ErrorMessage":"Couldn't refresh the entity because of an issue with the mashup document MashupException.Error: Expression.Error: We cannot convert a value of type Table to type Text. Details: Value = #table({\"Index\"}, {})","ErrorCode":"Mashup Exception Expression Error","LoadToCdsErrorInfo":null},"Warnings":[],"ErrorCount":null,"UpsertCount":null,"PartitionsRefreshHistory":[{"Name":"Sheet1.csv","StartTime":"2023-09-22T22:44:46.9126691+00:00","EndTime":"2023-09-22T22:44:53.1470986+00:00","LastUpdateTime":"2023-09-22T22:44:53.1470986+00:00","RefreshStatus":"Failed","ComputeEngines":[],"DataSourceStatistics":[],"ErrorInfo":{"ErrorMessage":"An exception occurred during mashup execution.","ErrorCode":"Microsoft.PowerPlatform.Dataflows.Host.Contracts.MashupExecutionException"},"Warnings":[]}],"InsertCount":null}],"ActionsRefreshHistory":[],"ModelSnapshotPath":null},{"DataflowId":"964cd2c6-857e-420e-82ee-3fa3223b3a63","TransactionId":"73ee14b5-0f8e-47b7-a2c8-4ed927b5ee38","DataflowName":"Load data HDFC","RequestId":"4026bca7-4edc-44d1-b3a1-dd7d890dd4ad","SessionId":null,"StartTime":"2023-09-22T22:45:17.1142097+00:00","EndTime":"2023-09-22T22:45:34.7082578+00:00","RefreshType":"RefreshTypeOneTime","RefreshStatus":"Failed","ErrorInfo":{"ErrorCode":"EntityUserFailure","ErrorMessage":null},"EntitiesRefreshHistory":[{"DataflowId":"964cd2c6-857e-420e-82ee-3fa3223b3a63","DataflowName":"Load data HDFC","EntityName":"Sheet1","StartTime":"2023-09-22T22:45:24.9210589+00:00","EndTime":"2023-09-22T22:45:33.1712105+00:00","RefreshStatus":"Failed","ErrorInfo":{"EvaluationResult":null,"ErrorMessage":"Couldn't refresh the entity because of an issue with the mashup document MashupException.Error: Expression.Error: We cannot convert a value of type Table to type Text. Details: Value = #table({\"Index\"}, {})","ErrorCode":"Mashup Exception Expression Error","LoadToCdsErrorInfo":null},"Warnings":[],"ErrorCount":null,"UpsertCount":null,"PartitionsRefreshHistory":[{"Name":"Sheet1.csv","StartTime":"2023-09-22T22:45:24.9523081+00:00","EndTime":"2023-09-22T22:45:33.155589+00:00","LastUpdateTime":"2023-09-22T22:45:33.155589+00:00","RefreshStatus":"Failed","ComputeEngines":[],"DataSourceStatistics":[],"ErrorInfo":{"ErrorMessage":"An exception occurred during mashup execution.","ErrorCode":"Microsoft.PowerPlatform.Dataflows.Host.Contracts.MashupExecutionException"},"Warnings":[]}],"InsertCount":null}],"ActionsRefreshHistory":[],"ModelSnapshotPath":null},{"DataflowId":"964cd2c6-857e-420e-82ee-3fa3223b3a63","TransactionId":"555f50b3-c5aa-4cf2-b4f1-4da220101d9a","DataflowName":"Load data HDFC","RequestId":"c797eecf-ac1e-418d-924d-8206aada3569","SessionId":null,"StartTime":"2023-09-25T03:21:15.9697042+00:00","EndTime":"2023-09-25T03:52:02.6684966+00:00","RefreshType":"RefreshTypeOneTime","RefreshStatus":"Success","ErrorInfo":null,"EntitiesRefreshHistory":[{"DataflowId":"964cd2c6-857e-420e-82ee-3fa3223b3a63","DataflowName":"Load data HDFC","EntityName":"Sheet1","StartTime":"2023-09-25T03:21:49.7767984+00:00","EndTime":"2023-09-25T03:52:01.5380163+00:00","RefreshStatus":"Success","ErrorInfo":null,"Warnings":[],"ErrorCount":0,"UpsertCount":0,"PartitionsRefreshHistory":[{"Name":"Sheet1.csv","StartTime":"2023-09-25T03:21:49.8392978+00:00","EndTime":"2023-09-25T03:21:59.3864136+00:00","LastUpdateTime":"2023-09-25T03:21:59.3864136+00:00","RefreshStatus":"Success","ComputeEngines":[],"DataSourceStatistics":[{"DataSourceType":"SharePoint","BytesRead":0,"BytesWritten":0,"RowsRead":0,"RowsWritten":0},{"DataSourceType":"Web","BytesRead":0,"BytesWritten":0,"RowsRead":0,"RowsWritten":0},{"DataSourceType":"AzureDataLakeStorage","BytesRead":0,"BytesWritten":22041472,"RowsRead":0,"RowsWritten":0}],"ErrorInfo":null,"Warnings":[]}],"InsertCount":71057}],"ActionsRefreshHistory":[],"ModelSnapshotPath":""}]</msdyn_refreshhistory>
      <statecode>0</statecode>
      <statuscode>1</statuscode>
    </msdyn_dataflow>
  </msdyn_dataflows>
  <Languages>
    <Language>1033</Language>
  </Languages>
</ImportExportXml>