{
  "properties": {
    "connectionReferences": {
      "shared_msdemo-5fexcelhelper-5f6a862d4d42398014_1": {
        "runtimeSource": "invoker",
        "connection": {
          "connectionReferenceLogicalName": "msdemo_DemoExcelHelper"
        },
        "api": {
          "name": "shared_msdemo-5fexcelhelper-5f7cf423a2305ebda7",
          "logicalName": "msdemo_excelhelper"
        }
      }
    },
    "definition": {
      "$schema": "https://schema.management.azure.com/providers/Microsoft.Logic/schemas/2016-06-01/workflowdefinition.json#",
      "contentVersion": "1.0.0.0",
      "parameters": {
        "$connections": {
          "defaultValue": {},
          "type": "Object"
        },
        "$authentication": {
          "defaultValue": {},
          "type": "SecureObject"
        }
      },
      "triggers": {
        "manual": {
          "metadata": {
            "operationMetadataId": "609536aa-3c86-43da-aabf-20905ae3f469"
          },
          "type": "Request",
          "kind": "Button",
          "inputs": {
            "schema": {
              "type": "object",
              "properties": {},
              "required": []
            }
          }
        }
      },
      "actions": {
        "Config": {
          "runAfter": {},
          "metadata": {
            "operationMetadataId": "f4d22f65-8cf5-462a-84c1-3b28db93b83f"
          },
          "type": "Compose",
          "inputs": {
            "siteid": "",
            "driveid": "",
            "fileid": "",
            "batchSize": 800
          }
        },
        "Init_varValidations": {
          "runAfter": {
            "Config": [
              "Succeeded"
            ]
          },
          "metadata": {
            "operationMetadataId": "ee90a728-b746-4a73-b414-60591a71d0f0"
          },
          "type": "InitializeVariable",
          "inputs": {
            "variables": [
              {
                "name": "varValidations",
                "type": "array"
              }
            ]
          }
        },
        "Get_Used_Range": {
          "runAfter": {
            "Init_varValidations": [
              "Succeeded"
            ]
          },
          "metadata": {
            "operationMetadataId": "8ca9045d-7682-4051-948f-d4994373d9e7"
          },
          "type": "OpenApiConnection",
          "inputs": {
            "host": {
              "connectionName": "shared_msdemo-5fexcelhelper-5f6a862d4d42398014_1",
              "operationId": "GetUsedRange",
              "apiId": ""
            },
            "parameters": {
              "siteId": "@outputs('Config')['siteid']",
              "driveId": "@outputs('Config')['driveid']",
              "itemId": "@outputs('Config')['fileid']",
              "sheetName": "Sheet1"
            },
            "authentication": {
              "type": "Raw",
              "value": "@json(decodeBase64(triggerOutputs().headers['X-MS-APIM-Tokens']))['$ConnectionKey']"
            }
          }
        },
        "TotalRows": {
          "runAfter": {
            "Get_Used_Range": [
              "Succeeded"
            ]
          },
          "metadata": {
            "operationMetadataId": "4cfe7aca-c3e5-4ae8-b383-8c683251d233"
          },
          "type": "Compose",
          "inputs": "@sub(div(outputs('Get_Used_Range')?['body/cellCount'],outputs('Get_Used_Range')?['body/columnCount']),1)"
        },
        "Get_Rows": {
          "runAfter": {
            "TotalRows": [
              "Succeeded"
            ]
          },
          "metadata": {
            "operationMetadataId": "4afa7a4a-4e6a-4002-9f96-35ba8b42b581"
          },
          "type": "OpenApiConnection",
          "inputs": {
            "host": {
              "connectionName": "shared_msdemo-5fexcelhelper-5f6a862d4d42398014_1",
              "operationId": "GetRows",
              "apiId": ""
            },
            "parameters": {
              "siteId": "@outputs('Config')['siteid']",
              "driveId": "@outputs('Config')['driveid']",
              "itemId": "@outputs('Config')['fileid']",
              "sheetName": "Sheet1",
              "address": "@last(split(outputs('Get_Used_Range')?['body/address'],'!'))"
            },
            "authentication": {
              "type": "Raw",
              "value": "@json(decodeBase64(triggerOutputs().headers['X-MS-APIM-Tokens']))['$ConnectionKey']"
            }
          }
        },
        "Data": {
          "runAfter": {
            "Get_Rows": [
              "Succeeded"
            ]
          },
          "metadata": {
            "operationMetadataId": "8f38464c-4afe-4d39-86c6-31403fa4e927"
          },
          "type": "Compose",
          "inputs": "@skip(body('Get_Rows')['text'],1)",
          "description": "Skip first row as headers"
        },
        "Map_Key": {
          "runAfter": {
            "Compose_3": [
              "Succeeded"
            ]
          },
          "metadata": {
            "operationMetadataId": "a88c1d59-8730-417e-9e4e-f4d52f8e6972"
          },
          "type": "Select",
          "inputs": {
            "from": "@outputs('Data')",
            "select": [
              "@{item()[0]}|@{item()[1]}"
            ]
          }
        },
        "Check_for_duplicates": {
          "runAfter": {
            "Map_Key": [
              "Succeeded"
            ]
          },
          "metadata": {
            "operationMetadataId": "f58edef2-e87a-430e-97b4-a017c57d874a"
          },
          "type": "OpenApiConnection",
          "inputs": {
            "host": {
              "connectionName": "shared_msdemo-5fexcelhelper-5f6a862d4d42398014_1",
              "operationId": "FindDuplicates",
              "apiId": ""
            },
            "parameters": {
              "FirstCellAddress": "A0",
              "ColumnIndex": 0,
              "CaseSensitive": true,
              "body": "@body('Map_Key')"
            },
            "authentication": {
              "type": "Raw",
              "value": "@json(decodeBase64(triggerOutputs().headers['X-MS-APIM-Tokens']))['$ConnectionKey']"
            }
          },
          "description": "As index is 0 based, adjust the first cell address to A0 so we can use the numeric part of the address as indexer"
        },
        "Prepare_Data": {
          "runAfter": {
            "Data": [
              "Succeeded"
            ]
          },
          "metadata": {
            "operationMetadataId": "031c9f99-72fe-4cca-8c78-d076f1888f8c"
          },
          "type": "Select",
          "inputs": {
            "from": "@outputs('Data')",
            "select": "@union(item(), json('[\"0\"]'))"
          }
        },
        "Map_Primary_Duplicates": {
          "runAfter": {
            "Check_for_duplicates": [
              "Succeeded"
            ]
          },
          "metadata": {
            "operationMetadataId": "08972e9e-e47a-4e3e-9143-1ad4f210f134"
          },
          "type": "Select",
          "inputs": {
            "from": "@body('Check_for_duplicates')",
            "select": "@int(replace(item()?['Cells']?[0], 'A',''))"
          }
        },
        "Map_Other_Duplicates": {
          "runAfter": {
            "Map_Primary_Duplicates": [
              "Succeeded"
            ]
          },
          "metadata": {
            "operationMetadataId": "639a3c0f-3d99-493d-80c2-7868502a1a60"
          },
          "type": "Select",
          "inputs": {
            "from": "@body('Check_for_duplicates')",
            "select": "@join(skip(item()['Cells'], 1), ',')"
          }
        },
        "varDataArray": {
          "runAfter": {
            "varResultArray": [
              "Succeeded"
            ]
          },
          "metadata": {
            "operationMetadataId": "23f88ff6-9606-49d3-af0b-87da4bcb19c1"
          },
          "type": "InitializeVariable",
          "inputs": {
            "variables": [
              {
                "name": "varDataArray",
                "type": "array",
                "value": "@chunk(body('Prepare_Data'), outputs('Config')['batchSize'])"
              }
            ]
          }
        },
        "varChunkIndex": {
          "runAfter": {
            "Compose_2": [
              "Succeeded"
            ]
          },
          "metadata": {
            "operationMetadataId": "3710dfad-806b-4812-befb-9defc4e4a0b1"
          },
          "type": "InitializeVariable",
          "inputs": {
            "variables": [
              {
                "name": "varChunkIndex",
                "type": "integer",
                "value": "@length(variables('varDataArray'))"
              }
            ]
          }
        },
        "Do_until": {
          "actions": {
            "Decrease_varChunkIndex": {
              "runAfter": {},
              "metadata": {
                "operationMetadataId": "0b6bac8d-054a-4286-a7ad-13d33eb9678a"
              },
              "type": "DecrementVariable",
              "inputs": {
                "name": "varChunkIndex",
                "value": 1
              }
            },
            "Filter_Primary_Duplicates": {
              "runAfter": {
                "Offset": [
                  "Succeeded"
                ]
              },
              "metadata": {
                "operationMetadataId": "bce97ecd-d089-41ea-8a57-334cc88a1418"
              },
              "type": "Query",
              "inputs": {
                "from": "@body('Map_Primary_Duplicates')",
                "where": "@and(lessOrEquals(int(item()), outputs('Offset')['upper']),greater(int(item()), outputs('Offset')['lower']))"
              }
            },
            "Offset": {
              "runAfter": {
                "Decrease_varChunkIndex": [
                  "Succeeded"
                ]
              },
              "metadata": {
                "operationMetadataId": "ae2fcf58-4f16-405c-8f52-6d6e7b949ebf"
              },
              "type": "Compose",
              "inputs": {
                "lower": "@mul(iterationIndexes('Do_until'), outputs('Config')['batchSize'])",
                "upper": "@mul(add(iterationIndexes('Do_until'), 1), outputs('Config')['batchSize'])"
              }
            },
            "Condition": {
              "actions": {
                "Offset_Index_Primary_Duplicates": {
                  "runAfter": {},
                  "metadata": {
                    "operationMetadataId": "0ed298aa-4e64-47dd-9406-47f145d96e95"
                  },
                  "type": "Select",
                  "inputs": {
                    "from": "@body('Filter_Primary_Duplicates')",
                    "select": "@sub(item(), outputs('Offset')['lower'])"
                  }
                },
                "Update_Primary_Duplicates": {
                  "runAfter": {
                    "Offset_Index_Other_Duplicates": [
                      "Succeeded"
                    ]
                  },
                  "metadata": {
                    "operationMetadataId": "43718125-ba59-445b-a8f0-ec6a26e6fc60"
                  },
                  "type": "OpenApiConnection",
                  "inputs": {
                    "host": {
                      "connectionName": "shared_msdemo-5fexcelhelper-5f6a862d4d42398014_1",
                      "operationId": "UpdateArray",
                      "apiId": "/providers/Microsoft.PowerApps/apis/shared_msdemo-5fexcelhelper-5f7cf423a2305ebda7"
                    },
                    "parameters": {
                      "IndexList": "@join(body('Offset_Index_Primary_Duplicates'),',')",
                      "ElementIndex": "11",
                      "UpdateValue": "1",
                      "body": "@variables('varDataArray')[iterationIndexes('Do_until')]"
                    },
                    "authentication": {
                      "type": "Raw",
                      "value": "@json(decodeBase64(triggerOutputs().headers['X-MS-APIM-Tokens']))['$ConnectionKey']"
                    },
                    "retryPolicy": {
                      "type": "none"
                    }
                  }
                },
                "Merge_Result_Array_for_Duplicates": {
                  "runAfter": {
                    "Update_Other_Duplicates": [
                      "Succeeded"
                    ]
                  },
                  "metadata": {
                    "operationMetadataId": "8ca2f4e4-6675-4f6e-95d0-2b98bbcd9c99"
                  },
                  "type": "Compose",
                  "inputs": "@union(variables('varResultArray'),body('Update_Other_Duplicates'))"
                },
                "Update_Merged_Duplicate_Result": {
                  "runAfter": {
                    "Merge_Result_Array_for_Duplicates": [
                      "Succeeded"
                    ]
                  },
                  "metadata": {
                    "operationMetadataId": "a5eff554-e1e4-4475-8210-9f40cc3efd67"
                  },
                  "type": "SetVariable",
                  "inputs": {
                    "name": "varResultArray",
                    "value": "@outputs('Merge_Result_Array_for_Duplicates')"
                  }
                },
                "Offset_Index_Other_Duplicates": {
                  "runAfter": {
                    "Offset_Index_Primary_Duplicates": [
                      "Succeeded"
                    ]
                  },
                  "metadata": {
                    "operationMetadataId": "0ed298aa-4e64-47dd-9406-47f145d96e95"
                  },
                  "type": "Select",
                  "inputs": {
                    "from": "@body('Filter_Other_Duplicates')",
                    "select": "@sub(item(), outputs('Offset')['lower'])"
                  }
                },
                "Update_Other_Duplicates": {
                  "runAfter": {
                    "Update_Primary_Duplicates": [
                      "Succeeded"
                    ]
                  },
                  "metadata": {
                    "operationMetadataId": "43718125-ba59-445b-a8f0-ec6a26e6fc60"
                  },
                  "type": "OpenApiConnection",
                  "inputs": {
                    "host": {
                      "connectionName": "shared_msdemo-5fexcelhelper-5f6a862d4d42398014_1",
                      "operationId": "UpdateArray",
                      "apiId": "/providers/Microsoft.PowerApps/apis/shared_msdemo-5fexcelhelper-5f7cf423a2305ebda7"
                    },
                    "parameters": {
                      "IndexList": "@join(body('Offset_Index_Other_Duplicates'), ',')",
                      "ElementIndex": "11",
                      "UpdateValue": "2",
                      "body": "@body('Update_Primary_Duplicates')"
                    },
                    "authentication": {
                      "type": "Raw",
                      "value": "@json(decodeBase64(triggerOutputs().headers['X-MS-APIM-Tokens']))['$ConnectionKey']"
                    },
                    "retryPolicy": {
                      "type": "none"
                    }
                  }
                }
              },
              "runAfter": {
                "Filter_Other_Duplicates": [
                  "Succeeded"
                ]
              },
              "else": {
                "actions": {
                  "Merge_Result_Array_As-is": {
                    "runAfter": {},
                    "metadata": {
                      "operationMetadataId": "91feb87c-024f-4690-85af-c0eedebc5a66"
                    },
                    "type": "Compose",
                    "inputs": "@union(variables('varResultArray'), variables('varDataArray')[iterationIndexes('Do_Until')])"
                  },
                  "Update_Merged_Result": {
                    "runAfter": {
                      "Merge_Result_Array_As-is": [
                        "Succeeded"
                      ]
                    },
                    "metadata": {
                      "operationMetadataId": "929aa5e7-5d43-4044-b299-6d4d4a878283"
                    },
                    "type": "SetVariable",
                    "inputs": {
                      "name": "varResultArray",
                      "value": "@outputs('Merge_Result_Array_As-is')"
                    }
                  }
                }
              },
              "expression": {
                "or": [
                  {
                    "greater": [
                      "@length(body('Filter_Primary_Duplicates'))",
                      0
                    ]
                  },
                  {
                    "greater": [
                      "@length(body('Filter_Other_Duplicates'))",
                      0
                    ]
                  }
                ]
              },
              "metadata": {
                "operationMetadataId": "6828958e-48ae-4607-9260-ace293b71fd2"
              },
              "type": "If"
            },
            "Filter_Other_Duplicates": {
              "runAfter": {
                "Filter_Primary_Duplicates": [
                  "Succeeded"
                ]
              },
              "metadata": {
                "operationMetadataId": "bce97ecd-d089-41ea-8a57-334cc88a1418"
              },
              "type": "Query",
              "inputs": {
                "from": "@body('Get_Duplicate_Array')",
                "where": "@and(lessOrEquals(int(item()), outputs('Offset')['upper']), greater(int(item()), outputs('Offset')['lower']))"
              }
            }
          },
          "runAfter": {
            "varChunkIndex": [
              "Succeeded"
            ]
          },
          "expression": "@equals(variables('varChunkIndex'), 0)",
          "limit": {
            "count": 200,
            "timeout": "PT1H"
          },
          "metadata": {
            "operationMetadataId": "b2cbfca1-7311-45be-a3d8-09e0dd181779"
          },
          "type": "Until"
        },
        "varResultArray": {
          "runAfter": {
            "Get_Duplicate_Array": [
              "Succeeded"
            ]
          },
          "metadata": {
            "operationMetadataId": "e437e472-30c0-4fe1-a834-b2dba0f982d7"
          },
          "type": "InitializeVariable",
          "inputs": {
            "variables": [
              {
                "name": "varResultArray",
                "type": "array"
              }
            ]
          }
        },
        "Compose": {
          "runAfter": {
            "Bulk_Upload": [
              "Succeeded"
            ]
          },
          "metadata": {
            "operationMetadataId": "c9fdc092-88e7-4239-a2fe-2d3697e491d8"
          },
          "type": "Compose",
          "inputs": "@length(variables('varResultArray'))"
        },
        "Get_Duplicate_Array": {
          "runAfter": {
            "Map_Other_Duplicates": [
              "Succeeded"
            ]
          },
          "metadata": {
            "operationMetadataId": "b687f3be-0f99-4a8c-910b-9fde0ce4b030"
          },
          "type": "Select",
          "inputs": {
            "from": "@split(replace(join(body('Map_Other_Duplicates'), ','), 'A', ''), ',')",
            "select": "@int(item())"
          }
        },
        "Bulk_Upload": {
          "actions": {
            "Updated_Data_Array": {
              "runAfter": {},
              "metadata": {
                "operationMetadataId": "d8f80f3f-b150-485d-a73a-625ac3e1e44c"
              },
              "type": "SetVariable",
              "inputs": {
                "name": "varDataArray",
                "value": "@chunk(variables('varResultArray'), outputs('Config')['batchSize'])"
              }
            },
            "Apply_to_each": {
              "foreach": "@variables('varDataArray')",
              "actions": {
                "Convert_Data_For_XMultiple": {
                  "runAfter": {},
                  "metadata": {
                    "operationMetadataId": "632217a8-8950-4772-b574-585f1545c62f"
                  },
                  "type": "OpenApiConnection",
                  "inputs": {
                    "host": {
                      "connectionName": "shared_msdemo-5fexcelhelper-5f6a862d4d42398014_1",
                      "operationId": "ConvertDataForXMultiple",
                      "apiId": "/providers/Microsoft.PowerApps/apis/shared_msdemo-5fexcelhelper-5f7cf423a2305ebda7"
                    },
                    "parameters": {
                      "x-Columns": "ms_name, ms_policy, ms_maker, ms_checker, ms_user1, ms_user2, ms_user3, ms_user4, ms_user5, ms_fields, ms_actions, ms_duplicatestate",
                      "x-TableName": "ms_productownermap",
                      "body": "@item()",
                      "x-ColumnDelimiter": "|"
                    },
                    "authentication": {
                      "type": "Raw",
                      "value": "@json(decodeBase64(triggerOutputs().headers['X-MS-APIM-Tokens']))['$ConnectionKey']"
                    }
                  }
                }
              },
              "runAfter": {
                "Updated_Data_Array": [
                  "Succeeded"
                ]
              },
              "metadata": {
                "operationMetadataId": "7714aa86-6d3a-44a5-bd4c-273b1824c628"
              },
              "type": "Foreach",
              "runtimeConfiguration": {
                "concurrency": {
                  "repetitions": 20
                }
              }
            }
          },
          "runAfter": {
            "Do_until": [
              "Succeeded"
            ]
          },
          "metadata": {
            "operationMetadataId": "8fdf0408-1aa9-4a45-af43-ea48e7c8db3c"
          },
          "type": "Scope"
        },
        "Compose_2": {
          "runAfter": {
            "varDataArray": [
              "Succeeded"
            ]
          },
          "metadata": {
            "operationMetadataId": "84399561-d936-4216-b368-abaded025121"
          },
          "type": "Compose",
          "inputs": "@length(variables('varDataArray'))"
        },
        "Compose_3": {
          "runAfter": {
            "Prepare_Data": [
              "Succeeded"
            ]
          },
          "metadata": {
            "operationMetadataId": "b2d474cc-a058-4877-83dc-8286fd3bd7c9"
          },
          "type": "Compose",
          "inputs": "@length(body('Prepare_Data'))"
        }
      }
    },
    "templateName": ""
  },
  "schemaVersion": "1.0.0.0"
}